{
	"credit": "Made with Blockbench",
	"parent": "minecraft:block/stem_fruit",
	"textures": {
		"2": "crops/sign",
		"particle": "crops/sign",
		"stem": "block/pumpkin_stem"
	},
	"elements": [
		{
			"from": [1, 10, 7.5],
			"to": [2, 12, 8],
			"faces": {
				"north": {"uv": [7, 2, 8, 3], "texture": "#stem"},
				"east": {"uv": [7, 2, 8, 3], "texture": "#stem"},
				"south": {"uv": [7, 2, 8, 3], "texture": "#stem"},
				"west": {"uv": [7, 2, 8, 3], "texture": "#stem"},
				"up": {"uv": [7, 3, 8, 4], "rotation": 270, "texture": "#stem"},
				"down": {"uv": [8, 15, 9, 16], "rotation": 90, "texture": "#stem"}
			}
		},
		{
			"from": [0, 10, 7.5],
			"to": [1, 12, 8],
			"faces": {
				"north": {"uv": [6, 1, 7, 3], "texture": "#stem"},
				"east": {"uv": [6, 1, 7, 3], "texture": "#stem"},
				"south": {"uv": [6, 1, 7, 3], "texture": "#stem"},
				"west": {"uv": [6, 1, 7, 3], "texture": "#stem"},
				"up": {"uv": [7, 3, 8, 4], "rotation": 270, "texture": "#stem"},
				"down": {"uv": [8, 15, 9, 16], "rotation": 90, "texture": "#stem"}
			}
		},
		{
			"from": [2, 10, 7.5],
			"to": [4, 12, 8],
			"faces": {
				"north": {"uv": [6, 3, 8, 4], "texture": "#stem"},
				"east": {"uv": [6, 3, 7, 4], "texture": "#stem"},
				"south": {"uv": [6, 3, 8, 4], "texture": "#stem"},
				"west": {"uv": [7, 3, 8, 4], "texture": "#stem"},
				"up": {"uv": [7, 3, 8, 4], "rotation": 270, "texture": "#stem"},
				"down": {"uv": [8, 15, 9, 16], "rotation": 90, "texture": "#stem"}
			}
		},
		{
			"from": [4, 9, 7],
			"to": [5, 11, 7.5],
			"faces": {
				"north": {"uv": [7, 4, 8, 6], "texture": "#stem"},
				"east": {"uv": [7, 4, 8, 6], "texture": "#stem"},
				"south": {"uv": [7, 4, 8, 6], "texture": "#stem"},
				"west": {"uv": [7, 4, 8, 6], "texture": "#stem"},
				"up": {"uv": [7, 3, 8, 4], "rotation": 270, "texture": "#stem"},
				"down": {"uv": [8, 15, 9, 16], "rotation": 90, "texture": "#stem"}
			}
		},
		{
			"from": [4, 9, 7.5],
			"to": [5, 10, 8.5],
			"faces": {
				"north": {"uv": [8, 5, 9, 6], "texture": "#stem"},
				"east": {"uv": [8, 5, 9, 6], "texture": "#stem"},
				"south": {"uv": [8, 5, 9, 6], "texture": "#stem"},
				"west": {"uv": [8, 5, 9, 6], "texture": "#stem"},
				"up": {"uv": [7, 3, 8, 4], "rotation": 270, "texture": "#stem"},
				"down": {"uv": [8, 15, 9, 16], "rotation": 90, "texture": "#stem"}
			}
		},
		{
			"from": [5, 9, 7],
			"to": [6, 10, 8],
			"faces": {
				"north": {"uv": [8, 5, 9, 6], "texture": "#stem"},
				"east": {"uv": [8, 5, 9, 6], "texture": "#stem"},
				"south": {"uv": [8, 5, 9, 6], "texture": "#stem"},
				"west": {"uv": [8, 5, 9, 6], "texture": "#stem"},
				"up": {"uv": [7, 3, 8, 4], "rotation": 270, "texture": "#stem"},
				"down": {"uv": [8, 15, 9, 16], "rotation": 90, "texture": "#stem"}
			}
		},
		{
			"from": [3, 9, 7.5],
			"to": [4, 11, 8],
			"faces": {
				"north": {"uv": [8, 5, 9, 6], "texture": "#stem"},
				"east": {"uv": [8, 5, 9, 6], "texture": "#stem"},
				"south": {"uv": [8, 5, 9, 6], "texture": "#stem"},
				"west": {"uv": [8, 5, 9, 6], "texture": "#stem"},
				"up": {"uv": [7, 3, 8, 4], "rotation": 270, "texture": "#stem"},
				"down": {"uv": [8, 15, 9, 16], "rotation": 90, "texture": "#stem"}
			}
		},
		{
			"from": [3, 9, 8],
			"to": [4, 10, 8.5],
			"faces": {
				"north": {"uv": [8, 5, 9, 6], "texture": "#stem"},
				"east": {"uv": [8, 5, 9, 6], "texture": "#stem"},
				"south": {"uv": [8, 5, 9, 6], "texture": "#stem"},
				"west": {"uv": [8, 5, 9, 6], "texture": "#stem"},
				"up": {"uv": [7, 3, 8, 4], "rotation": 270, "texture": "#stem"},
				"down": {"uv": [8, 15, 9, 16], "rotation": 90, "texture": "#stem"}
			}
		},
		{
			"from": [3, 10, 7],
			"to": [4, 12, 7.5],
			"faces": {
				"north": {"uv": [8, 5, 9, 6], "texture": "#stem"},
				"east": {"uv": [8, 5, 9, 6], "texture": "#stem"},
				"south": {"uv": [8, 5, 9, 6], "texture": "#stem"},
				"west": {"uv": [8, 5, 9, 6], "texture": "#stem"},
				"up": {"uv": [7, 3, 8, 4], "rotation": 270, "texture": "#stem"},
				"down": {"uv": [8, 15, 9, 16], "rotation": 90, "texture": "#stem"}
			}
		},
		{
			"from": [4, 7, 7],
			"to": [7, 9, 9],
			"faces": {
				"north": {"uv": [9, 7, 7, 9], "texture": "#stem"},
				"east": {"uv": [7, 6, 9, 8], "texture": "#stem"},
				"south": {"uv": [9, 6, 7, 8], "texture": "#stem"},
				"west": {"uv": [7, 6, 9, 8], "texture": "#stem"},
				"up": {"uv": [7, 3, 8, 4], "rotation": 270, "texture": "#stem"},
				"down": {"uv": [8, 15, 9, 16], "rotation": 90, "texture": "#stem"}
			}
		},
		{
			"from": [6, 5, 7],
			"to": [8, 7, 9],
			"faces": {
				"north": {"uv": [9, 8, 7, 10], "texture": "#stem"},
				"east": {"uv": [7, 8, 9, 10], "texture": "#stem"},
				"south": {"uv": [9, 8, 7, 10], "texture": "#stem"},
				"west": {"uv": [7, 8, 9, 10], "texture": "#stem"},
				"up": {"uv": [7, 3, 8, 4], "rotation": 270, "texture": "#stem"},
				"down": {"uv": [8, 15, 9, 16], "rotation": 90, "texture": "#stem"}
			}
		},
		{
			"from": [7, 3, 7],
			"to": [9, 5, 9],
			"faces": {
				"north": {"uv": [9, 10, 7, 12], "texture": "#stem"},
				"east": {"uv": [7, 10, 9, 12], "texture": "#stem"},
				"south": {"uv": [9, 10, 7, 12], "texture": "#stem"},
				"west": {"uv": [7, 10, 9, 12], "texture": "#stem"},
				"up": {"uv": [7, 3, 8, 4], "rotation": 270, "texture": "#stem"},
				"down": {"uv": [8, 15, 9, 16], "rotation": 90, "texture": "#stem"}
			}
		},
		{
			"from": [7, 1, 7],
			"to": [9, 3, 9],
			"faces": {
				"north": {"uv": [9, 12, 7, 14], "texture": "#stem"},
				"east": {"uv": [7, 12, 9, 14], "texture": "#stem"},
				"south": {"uv": [9, 12, 7, 14], "texture": "#stem"},
				"west": {"uv": [7, 12, 9, 14], "texture": "#stem"},
				"up": {"uv": [7, 3, 8, 4], "rotation": 270, "texture": "#stem"},
				"down": {"uv": [8, 15, 9, 16], "rotation": 90, "texture": "#stem"}
			}
		},
		{
			"from": [7, -1, 7],
			"to": [9, 1, 9],
			"faces": {
				"north": {"uv": [9, 14, 7, 16], "texture": "#stem"},
				"east": {"uv": [7, 14, 9, 16], "texture": "#stem"},
				"south": {"uv": [9, 14, 7, 16], "texture": "#stem"},
				"west": {"uv": [7, 14, 9, 16], "texture": "#stem"},
				"up": {"uv": [7, 3, 8, 4], "rotation": 270, "texture": "#stem"},
				"down": {"uv": [8, 15, 9, 16], "rotation": 90, "texture": "#stem"}
			}
		},
		{
			"name": "1",
			"from": [7.5, 26, 7.5],
			"to": [8.5, 31, 8.5],
			"faces": {
				"north": {"uv": [0, 0, 1, 5], "texture": "#2"},
				"east": {"uv": [0, 0, 1, 5], "texture": "#2"},
				"south": {"uv": [0, 0, 1, 5], "texture": "#2"},
				"west": {"uv": [0, 0, 1, 5], "texture": "#2"},
				"up": {"uv": [1, 0, 2, 1], "rotation": 180, "texture": "#2"},
				"down": {"uv": [1, 0, 2, 1], "rotation": 180, "texture": "#2"}
			}
		},
		{
			"name": "1",
			"from": [7.5, 24, 7.5],
			"to": [8.5, 25, 8.5],
			"faces": {
				"north": {"uv": [0, 0, 1, 5], "texture": "#2"},
				"east": {"uv": [0, 0, 1, 5], "texture": "#2"},
				"south": {"uv": [0, 0, 1, 5], "texture": "#2"},
				"west": {"uv": [0, 0, 1, 5], "texture": "#2"},
				"up": {"uv": [1, 0, 2, 1], "rotation": 180, "texture": "#2"},
				"down": {"uv": [1, 0, 2, 1], "rotation": 180, "texture": "#2"}
			}
		}
	],
	"groups": [
		{
			"name": "0",
			"origin": [8, 8, 8],
			"color": 0,
			"children": [0, 1]
		},
		{
			"name": "1",
			"origin": [8, 8, 8],
			"color": 0,
			"children": [2]
		},
		{
			"name": "2",
			"origin": [8, 8, 8],
			"color": 0,
			"children": [3, 4, 5, 6, 7, 8]
		},
		{
			"name": "3",
			"origin": [8, 8, 8],
			"color": 0,
			"children": [9]
		},
		{
			"name": "4",
			"origin": [8, 8, 8],
			"color": 0,
			"children": [10]
		},
		{
			"name": "5",
			"origin": [8, 8, 8],
			"color": 0,
			"children": [11]
		},
		{
			"name": "6",
			"origin": [8, 8, 8],
			"color": 0,
			"children": [12]
		},
		{
			"name": "7",
			"origin": [8, 8, 8],
			"color": 0,
			"children": [13]
		},
		{
			"name": "sign",
			"origin": [8, 8, 8],
			"color": 0,
			"children": [
				{
					"name": "1",
					"origin": [8, 8, 8],
					"color": 0,
					"children": [14]
				},
				{
					"name": "0",
					"origin": [8, 8, 8],
					"color": 0,
					"children": [15]
				}
			]
		}
	]
}