{
	"credit": "Made with Blockbench",
	"parent": "minecraft:block/cross",
	"textures": {
		"cross": "block/brown_mushroom"
	},
	"elements": [
		{
			"name": "stem",
			"from": [7, 0, 7],
			"to": [9, 4, 9],
			"faces": {
				"north": {"uv": [7, 16, 9, 12], "texture": "#cross"},
				"east": {"uv": [7, 16, 9, 12], "texture": "#cross"},
				"south": {"uv": [7, 16, 9, 12], "texture": "#cross"},
				"west": {"uv": [7, 16, 9, 12], "texture": "#cross"},
				"up": {"uv": [7, 12, 9, 14], "texture": "#cross"},
				"down": {"uv": [7, 12, 9, 14], "texture": "#cross"}
			}
		},
		{
			"name": "0",
			"from": [4, 4, 5],
			"to": [12, 5, 11],
			"faces": {
				"north": {"uv": [4, 11, 12, 12], "texture": "#cross"},
				"east": {"uv": [4, 11, 12, 12], "texture": "#cross"},
				"south": {"uv": [4, 11, 12, 12], "texture": "#cross"},
				"west": {"uv": [4, 11, 12, 12], "texture": "#cross"},
				"up": {"uv": [4, 11, 5, 12], "texture": "#cross"},
				"down": {"uv": [4, 11, 5, 12], "texture": "#cross"}
			}
		},
		{
			"name": "0",
			"from": [5, 4, 11],
			"to": [11, 5, 12],
			"faces": {
				"north": {"uv": [4, 11, 12, 12], "texture": "#cross"},
				"east": {"uv": [4, 11, 12, 12], "texture": "#cross"},
				"south": {"uv": [4, 11, 12, 12], "texture": "#cross"},
				"west": {"uv": [4, 11, 12, 12], "texture": "#cross"},
				"up": {"uv": [4, 11, 5, 12], "texture": "#cross"},
				"down": {"uv": [4, 11, 5, 12], "texture": "#cross"}
			}
		},
		{
			"name": "0",
			"from": [5, 4, 4],
			"to": [11, 5, 5],
			"faces": {
				"north": {"uv": [4, 11, 12, 12], "texture": "#cross"},
				"east": {"uv": [4, 11, 12, 12], "texture": "#cross"},
				"south": {"uv": [4, 11, 12, 12], "texture": "#cross"},
				"west": {"uv": [4, 11, 12, 12], "texture": "#cross"},
				"up": {"uv": [4, 11, 5, 12], "texture": "#cross"},
				"down": {"uv": [4, 11, 5, 12], "texture": "#cross"}
			}
		},
		{
			"name": "1",
			"from": [6, 5, 4],
			"to": [10, 6, 12],
			"faces": {
				"north": {"uv": [4, 10, 12, 11], "texture": "#cross"},
				"east": {"uv": [4, 10, 12, 11], "texture": "#cross"},
				"south": {"uv": [4, 10, 12, 11], "texture": "#cross"},
				"west": {"uv": [4, 10, 12, 11], "texture": "#cross"},
				"up": {"uv": [4, 10, 5, 11], "texture": "#cross"},
				"down": {"uv": [4, 10, 5, 11], "texture": "#cross"}
			}
		},
		{
			"name": "1",
			"from": [10, 5, 5],
			"to": [11, 6, 11],
			"faces": {
				"north": {"uv": [4, 10, 5, 11], "texture": "#cross"},
				"east": {"uv": [4, 10, 5, 11], "texture": "#cross"},
				"south": {"uv": [4, 10, 5, 11], "texture": "#cross"},
				"west": {"uv": [4, 10, 5, 11], "texture": "#cross"},
				"up": {"uv": [4, 10, 5, 11], "texture": "#cross"},
				"down": {"uv": [4, 10, 5, 11], "texture": "#cross"}
			}
		},
		{
			"name": "1",
			"from": [5, 5, 5],
			"to": [6, 6, 11],
			"faces": {
				"north": {"uv": [4, 10, 5, 11], "texture": "#cross"},
				"east": {"uv": [4, 10, 5, 11], "texture": "#cross"},
				"south": {"uv": [4, 10, 5, 11], "texture": "#cross"},
				"west": {"uv": [4, 10, 5, 11], "texture": "#cross"},
				"up": {"uv": [4, 10, 5, 11], "texture": "#cross"},
				"down": {"uv": [4, 10, 5, 11], "texture": "#cross"}
			}
		},
		{
			"name": "1",
			"from": [4, 5, 6],
			"to": [5, 6, 10],
			"faces": {
				"north": {"uv": [4, 10, 12, 11], "texture": "#cross"},
				"east": {"uv": [4, 10, 12, 11], "texture": "#cross"},
				"south": {"uv": [4, 10, 12, 11], "texture": "#cross"},
				"west": {"uv": [4, 10, 12, 11], "texture": "#cross"},
				"up": {"uv": [4, 10, 5, 11], "texture": "#cross"},
				"down": {"uv": [4, 10, 5, 11], "texture": "#cross"}
			}
		},
		{
			"name": "1",
			"from": [11, 5, 6],
			"to": [12, 6, 10],
			"faces": {
				"north": {"uv": [4, 10, 12, 11], "texture": "#cross"},
				"east": {"uv": [4, 10, 12, 11], "texture": "#cross"},
				"south": {"uv": [4, 10, 12, 11], "texture": "#cross"},
				"west": {"uv": [4, 10, 12, 11], "texture": "#cross"},
				"up": {"uv": [4, 10, 5, 11], "texture": "#cross"},
				"down": {"uv": [4, 10, 5, 11], "texture": "#cross"}
			}
		},
		{
			"name": "2",
			"from": [5, 6, 6],
			"to": [11, 7, 10],
			"faces": {
				"north": {"uv": [5, 9, 11, 10], "texture": "#cross"},
				"east": {"uv": [5, 9, 11, 10], "texture": "#cross"},
				"south": {"uv": [5, 9, 11, 10], "texture": "#cross"},
				"west": {"uv": [5, 9, 11, 10], "texture": "#cross"},
				"up": {"uv": [5, 9, 6, 10], "texture": "#cross"},
				"down": {"uv": [5, 9, 6, 10], "texture": "#cross"}
			}
		},
		{
			"name": "2",
			"from": [6, 6, 5],
			"to": [10, 7, 6],
			"faces": {
				"north": {"uv": [5, 9, 11, 10], "texture": "#cross"},
				"east": {"uv": [5, 9, 11, 10], "texture": "#cross"},
				"south": {"uv": [5, 9, 11, 10], "texture": "#cross"},
				"west": {"uv": [5, 9, 11, 10], "texture": "#cross"},
				"up": {"uv": [5, 9, 6, 10], "texture": "#cross"},
				"down": {"uv": [5, 9, 6, 10], "texture": "#cross"}
			}
		},
		{
			"name": "2",
			"from": [6, 6, 10],
			"to": [10, 7, 11],
			"faces": {
				"north": {"uv": [5, 9, 11, 10], "texture": "#cross"},
				"east": {"uv": [5, 9, 11, 10], "texture": "#cross"},
				"south": {"uv": [5, 9, 11, 10], "texture": "#cross"},
				"west": {"uv": [5, 9, 11, 10], "texture": "#cross"},
				"up": {"uv": [5, 9, 6, 10], "texture": "#cross"},
				"down": {"uv": [5, 9, 6, 10], "texture": "#cross"}
			}
		},
		{
			"name": "3",
			"from": [6, 7, 7],
			"to": [10, 8, 9],
			"faces": {
				"north": {"uv": [6, 8, 10, 9], "texture": "#cross"},
				"east": {"uv": [6, 8, 10, 9], "texture": "#cross"},
				"south": {"uv": [6, 8, 10, 9], "texture": "#cross"},
				"west": {"uv": [6, 8, 10, 9], "texture": "#cross"},
				"up": {"uv": [6, 8, 7, 9], "texture": "#cross"},
				"down": {"uv": [6, 8, 7, 9], "texture": "#cross"}
			}
		},
		{
			"name": "3",
			"from": [7, 7, 6],
			"to": [9, 8, 7],
			"faces": {
				"north": {"uv": [6, 8, 10, 9], "texture": "#cross"},
				"east": {"uv": [6, 8, 10, 9], "texture": "#cross"},
				"south": {"uv": [6, 8, 10, 9], "texture": "#cross"},
				"west": {"uv": [6, 8, 10, 9], "texture": "#cross"},
				"up": {"uv": [6, 8, 7, 9], "texture": "#cross"},
				"down": {"uv": [6, 8, 7, 9], "texture": "#cross"}
			}
		},
		{
			"name": "3",
			"from": [7, 7, 9],
			"to": [9, 8, 10],
			"faces": {
				"north": {"uv": [6, 8, 10, 9], "texture": "#cross"},
				"east": {"uv": [6, 8, 10, 9], "texture": "#cross"},
				"south": {"uv": [6, 8, 10, 9], "texture": "#cross"},
				"west": {"uv": [6, 8, 10, 9], "texture": "#cross"},
				"up": {"uv": [6, 8, 7, 9], "texture": "#cross"},
				"down": {"uv": [6, 8, 7, 9], "texture": "#cross"}
			}
		}
	],
	"groups": [
		0,
		{
			"name": "head",
			"origin": [0, 0, 0],
			"color": 0,
			"children": [
				{
					"name": "0",
					"origin": [0, 0, 0],
					"color": 0,
					"children": [1, 2, 3]
				},
				{
					"name": "1",
					"origin": [0, 0, 0],
					"color": 0,
					"children": [4, 5, 6, 7, 8]
				},
				{
					"name": "2",
					"origin": [0, 0, 0],
					"color": 0,
					"children": [9, 10, 11]
				},
				{
					"name": "3",
					"origin": [0, 0, 0],
					"color": 0,
					"children": [12, 13, 14]
				}
			]
		}
	]
}