{
	"credit": "Made with Blockbench",
	"parent": "minecraft:block/template_campfire",
	"textures": {
		"2": "block/campfire_log",
		"fire": "block/campfire_fire",
		"particle": "block/campfire_log",
		"lit_log": "block/campfire_log_lit"
	},
	"elements": [
		{
			"name": "top",
			"from": [0, 3, 11],
			"to": [16, 7, 15],
			"faces": {
				"north": {"uv": [16, 0, 0, 4], "texture": "#2"},
				"east": {"uv": [0, 4, 4, 8], "texture": "#2", "cullface": "east"},
				"south": {"uv": [0, 0, 16, 4], "texture": "#2"},
				"west": {"uv": [0, 4, 4, 8], "texture": "#2", "cullface": "west"},
				"up": {"uv": [0, 0, 16, 4], "rotation": 180, "texture": "#2"},
				"down": {"uv": [0, 4, 16, 8], "texture": "#2"}
			}
		},
		{
			"name": "top",
			"from": [0, 3, 1],
			"to": [16, 7, 5],
			"faces": {
				"north": {"uv": [0, 0, 16, 4], "texture": "#2"},
				"east": {"uv": [0, 4, 4, 8], "texture": "#2", "cullface": "east"},
				"south": {"uv": [16, 0, 0, 4], "texture": "#2"},
				"west": {"uv": [0, 4, 4, 8], "texture": "#2", "cullface": "west"},
				"up": {"uv": [0, 0, 16, 4], "rotation": 180, "texture": "#2"},
				"down": {"uv": [0, 4, 16, 8], "texture": "#2"}
			}
		},
		{
			"name": "bottom",
			"from": [11, 0, 0],
			"to": [15, 4, 16],
			"faces": {
				"north": {"uv": [0, 4, 4, 8], "texture": "#2", "cullface": "north"},
				"east": {"uv": [0, 0, 16, 4], "texture": "#2"},
				"south": {"uv": [0, 4, 4, 8], "texture": "#2", "cullface": "south"},
				"west": {"uv": [16, 1, 0, 5], "texture": "#2"},
				"up": {"uv": [0, 0, 16, 4], "rotation": 90, "texture": "#2"},
				"down": {"uv": [0, 0, 16, 4], "rotation": 90, "texture": "#2", "cullface": "down"}
			}
		},
		{
			"name": "bottom",
			"from": [1, 0, 0],
			"to": [5, 4, 16],
			"faces": {
				"north": {"uv": [0, 4, 4, 8], "texture": "#2", "cullface": "north"},
				"east": {"uv": [0, 1, 16, 5], "texture": "#2"},
				"south": {"uv": [0, 4, 4, 8], "texture": "#2", "cullface": "south"},
				"west": {"uv": [16, 0, 0, 4], "texture": "#2"},
				"up": {"uv": [0, 0, 16, 4], "rotation": 90, "texture": "#2"},
				"down": {"uv": [0, 0, 16, 4], "rotation": 90, "texture": "#2", "cullface": "down"}
			}
		},
		{
			"name": "plate",
			"from": [5, 0, 0],
			"to": [11, 1, 16],
			"faces": {
				"north": {"uv": [0, 15, 6, 16], "texture": "#lit_log", "cullface": "north"},
				"east": {"uv": [0, 0, 0, 0], "texture": "#lit_log"},
				"south": {"uv": [10, 15, 16, 16], "texture": "#lit_log", "cullface": "south"},
				"west": {"uv": [0, 0, 0, 0], "texture": "#lit_log"},
				"up": {"uv": [0, 8, 16, 14], "rotation": 90, "texture": "#lit_log"},
				"down": {"uv": [0, 8, 16, 14], "rotation": 90, "texture": "#lit_log", "cullface": "down"}
			}
		},
		{
			"name": "fire-1-2",
			"from": [8, 0, 0.8],
			"to": [8, 12, 15.2],
			"shade": false,
			"rotation": {"angle": 45, "axis": "y", "origin": [8, 8, 8], "rescale": true},
			"faces": {
				"north": {"uv": [0, 0, 0, 0], "texture": "#fire"},
				"east": {"uv": [0, 0, 16, 16], "texture": "#fire"},
				"south": {"uv": [0, 0, 0, 0], "texture": "#fire"},
				"west": {"uv": [0, 0, 16, 16], "texture": "#fire"},
				"up": {"uv": [0, 0, 0, 0], "texture": "#fire"},
				"down": {"uv": [0, 0, 0, 0], "texture": "#fire"}
			}
		},
		{
			"name": "fire-1-1",
			"from": [0.8, 0, 8],
			"to": [15.2, 12, 8],
			"shade": false,
			"rotation": {"angle": 45, "axis": "y", "origin": [8, 8, 8], "rescale": true},
			"faces": {
				"north": {"uv": [0, 0, 16, 16], "texture": "#fire"},
				"east": {"uv": [0, 0, 0, 0], "texture": "#fire"},
				"south": {"uv": [0, 0, 16, 16], "texture": "#fire"},
				"west": {"uv": [0, 0, 0, 0], "texture": "#fire"},
				"up": {"uv": [0, 0, 0, 0], "texture": "#fire"},
				"down": {"uv": [0, 0, 0, 0], "texture": "#fire"}
			}
		},
		{
			"name": "fire-2-1",
			"from": [8, 0, 4.8],
			"to": [8, 12, 11.2],
			"shade": false,
			"rotation": {"angle": 0, "axis": "y", "origin": [8, 8, 8], "rescale": true},
			"faces": {
				"north": {"uv": [0, 0, 0, 0], "texture": "#fire"},
				"east": {"uv": [0, 0, 16, 16], "texture": "#fire"},
				"south": {"uv": [0, 0, 0, 0], "texture": "#fire"},
				"west": {"uv": [0, 0, 16, 16], "texture": "#fire"},
				"up": {"uv": [0, 0, 0, 0], "texture": "#fire"},
				"down": {"uv": [0, 0, 0, 0], "texture": "#fire"}
			}
		},
		{
			"name": "fire-2-2",
			"from": [3.8, 0, 8],
			"to": [12.2, 12, 8],
			"shade": false,
			"rotation": {"angle": 0, "axis": "y", "origin": [8, 8, 8], "rescale": true},
			"faces": {
				"north": {"uv": [0, 0, 16, 16], "texture": "#fire"},
				"east": {"uv": [0, 0, 0, 0], "texture": "#fire"},
				"south": {"uv": [0, 0, 16, 16], "texture": "#fire"},
				"west": {"uv": [0, 0, 0, 0], "texture": "#fire"},
				"up": {"uv": [0, 0, 0, 0], "texture": "#fire"},
				"down": {"uv": [0, 0, 0, 0], "texture": "#fire"}
			}
		},
		{
			"name": "fire-1",
			"from": [0.8, 0, 10],
			"to": [15.2, 12, 10],
			"shade": false,
			"rotation": {"angle": 0, "axis": "y", "origin": [8, 8, 8], "rescale": true},
			"faces": {
				"north": {"uv": [0, 0, 16, 16], "texture": "#fire"},
				"east": {"uv": [0, 0, 0, 0], "texture": "#fire"},
				"south": {"uv": [0, 0, 16, 16], "texture": "#fire"},
				"west": {"uv": [0, 0, 0, 0], "texture": "#fire"},
				"up": {"uv": [0, 0, 0, 0], "texture": "#fire"},
				"down": {"uv": [0, 0, 0, 0], "texture": "#fire"}
			}
		},
		{
			"name": "fire-2",
			"from": [6, 0, 0.8],
			"to": [6, 12, 15.2],
			"shade": false,
			"rotation": {"angle": 0, "axis": "y", "origin": [8, 8, 8], "rescale": true},
			"faces": {
				"north": {"uv": [0, 0, 0, 0], "texture": "#fire"},
				"east": {"uv": [0, 0, 16, 16], "texture": "#fire"},
				"south": {"uv": [0, 0, 0, 0], "texture": "#fire"},
				"west": {"uv": [0, 0, 16, 16], "texture": "#fire"},
				"up": {"uv": [0, 0, 0, 0], "texture": "#fire"},
				"down": {"uv": [0, 0, 0, 0], "texture": "#fire"}
			}
		},
		{
			"name": "fire-3",
			"from": [10, 0, 0.8],
			"to": [10, 12, 15.2],
			"shade": false,
			"rotation": {"angle": 0, "axis": "y", "origin": [8, 8, 8], "rescale": true},
			"faces": {
				"north": {"uv": [0, 0, 0, 0], "texture": "#fire"},
				"east": {"uv": [0, 0, 16, 16], "texture": "#fire"},
				"south": {"uv": [0, 0, 0, 0], "texture": "#fire"},
				"west": {"uv": [0, 0, 16, 16], "texture": "#fire"},
				"up": {"uv": [0, 0, 0, 0], "texture": "#fire"},
				"down": {"uv": [0, 0, 0, 0], "texture": "#fire"}
			}
		},
		{
			"name": "fire-4",
			"from": [0.8, 0, 6],
			"to": [15.2, 12, 6],
			"shade": false,
			"rotation": {"angle": 0, "axis": "y", "origin": [8, 8, 8], "rescale": true},
			"faces": {
				"north": {"uv": [0, 0, 16, 16], "texture": "#fire"},
				"east": {"uv": [0, 0, 0, 0], "texture": "#fire"},
				"south": {"uv": [0, 0, 16, 16], "texture": "#fire"},
				"west": {"uv": [0, 0, 0, 0], "texture": "#fire"},
				"up": {"uv": [0, 0, 0, 0], "texture": "#fire"},
				"down": {"uv": [0, 0, 0, 0], "texture": "#fire"}
			}
		}
	],
	"groups": [
		0,
		1,
		2,
		3,
		4,
		{
			"name": "fire",
			"origin": [8, 8, 8],
			"color": 0,
			"children": [
				{
					"name": "fire-center",
					"origin": [8, 8, 8],
					"color": 0,
					"children": [5, 6, 7, 8]
				},
				{
					"name": "fire-block",
					"origin": [8, 8, 8],
					"color": 0,
					"children": [9, 10, 11, 12]
				}
			]
		}
	]
}